patient_ID_clinical,patient_ID_clinical,years_to_birth,vital_status,days_to_death,days_to_last_followup,tumor_tissue_site,pathologic_stage,pathology_T_stage,pathology_N_stage,pathology_M_stage,gender,date_of_initial_pathologic_diagnosis,days_to_last_known_alive,radiation_therapy,histological_type,residual_tumor,number_of_lymph_nodes,race,ethnicity
tcga-a6-2677,tcga.a6.2677,68,1,740,NA,colon,stage iiic,t3,n2,m0,female,2009,NA,no,colon adenocarcinoma,r0,5,white,not hispanic or latino
tcga-a6-2681,tcga.a6.2681,73,0,NA,1387,colon,stage iia,t3,n0,m0,female,2009,NA,no,colon adenocarcinoma,r0,0,white,not hispanic or latino
tcga-a6-2682,tcga.a6.2682,70,1,424,NA,colon,stage iv,t4b,n1,m1,male,2009,NA,no,colon adenocarcinoma,r0,2,white,not hispanic or latino
tcga-a6-4105,tcga.a6.4105,79,1,442,NA,colon,stage iia,t3,n0,m0,male,2010,NA,no,colon adenocarcinoma,NA,0,white,not hispanic or latino
tcga-a6-6649,tcga.a6.6649,66,0,NA,735,colon,stage iiib,t3,n1b,m0,male,2010,NA,no,colon adenocarcinoma,NA,2,white,not hispanic or latino
tcga-aa-3496,tcga.aa.3496,83,0,NA,31,colon,stage ii,t3,n0,m0,female,2002,NA,NA,colon adenocarcinoma,r0,0,NA,NA
tcga-aa-3506,tcga.aa.3506,77,0,NA,1765,colon,stage i,t2,n0,m0,male,2004,NA,no,colon adenocarcinoma,r0,0,NA,NA
tcga-aa-3516,tcga.aa.3516,74,1,396,NA,colon,stage iii,t3,n2,m0,female,2007,NA,no,colon mucinous adenocarcinoma,NA,7,NA,NA
tcga-aa-3520,tcga.aa.3520,86,0,NA,731,colon,stage ii,t3,n0,m0,female,2007,NA,no,colon adenocarcinoma,r0,0,NA,NA
tcga-aa-3521,tcga.aa.3521,87,0,NA,NA,colon,stage ii,t3,n0,m0,male,2007,NA,NA,colon adenocarcinoma,r0,0,NA,NA
tcga-aa-3522,tcga.aa.3522,67,0,NA,1127,colon,stage iia,t3,n0,m0,male,2007,NA,no,colon adenocarcinoma,r0,0,NA,NA
tcga-aa-3524,tcga.aa.3524,85,0,NA,1096,colon,stage ii,t3,n0,m0,male,2007,NA,no,colon adenocarcinoma,r0,0,NA,NA
tcga-aa-3525,tcga.aa.3525,89,0,NA,245,colon,stage iiib,t3,n1,m0,male,2007,NA,no,colon adenocarcinoma,r0,2,NA,NA
tcga-aa-3527,tcga.aa.3527,89,0,NA,0,colon,stage iia,t3,n0,m0,female,2007,NA,NA,colon adenocarcinoma,r0,0,NA,NA
tcga-aa-3530,tcga.aa.3530,80,0,NA,580,colon,stage i,t2,n0,m0,male,2007,NA,no,colon adenocarcinoma,r0,0,NA,NA
tcga-aa-3531,tcga.aa.3531,75,0,NA,1035,colon,stage iia,t3,n0,m0,female,2007,NA,no,colon adenocarcinoma,r0,0,NA,NA
tcga-aa-3543,tcga.aa.3543,84,0,NA,30,colon,stage i,t2,n0,m0,male,2008,NA,no,colon mucinous adenocarcinoma,r0,0,NA,NA
tcga-aa-3552,tcga.aa.3552,85,1,396,NA,colon,stage iiic,t3,n2,m0,male,2008,NA,no,colon adenocarcinoma,r0,10,NA,NA
tcga-aa-3554,tcga.aa.3554,62,0,NA,546,colon,stage iia,t3,n0,m0,female,2008,NA,no,colon adenocarcinoma,r0,0,NA,NA
tcga-aa-3556,tcga.aa.3556,78,0,NA,700,colon,stage i,t2,n0,m0,male,2008,NA,no,NA,r0,0,NA,NA
tcga-aa-3560,tcga.aa.3560,72,0,NA,608,colon,stage iiic,t3,n2,m0,female,2009,NA,no,colon adenocarcinoma,r0,5,NA,NA
tcga-aa-3562,tcga.aa.3562,82,0,NA,608,colon,stage iiic,t3,n2,m0,male,2008,NA,no,colon adenocarcinoma,r0,7,NA,NA
tcga-aa-3662,tcga.aa.3662,80,0,NA,184,colon,stage iv,t4,n2,m1,female,2005,NA,no,colon adenocarcinoma,r2,4,NA,NA
tcga-aa-3672,tcga.aa.3672,90,0,NA,28,colon,stage iii,t3,n1,m0,female,2006,NA,no,colon adenocarcinoma,r0,4,NA,NA
tcga-aa-3688,tcga.aa.3688,80,0,NA,578,colon,stage iv,t3,n1,m1,male,2007,NA,no,colon adenocarcinoma,r2,2,NA,NA
tcga-aa-3692,tcga.aa.3692,47,1,1095,NA,colon,stage iv,t3,n2,m1,female,2008,NA,yes,colon mucinous adenocarcinoma,r2,5,NA,NA
tcga-aa-3697,tcga.aa.3697,77,0,NA,2587,colon,stage ii,t3,n0,m0,male,2003,NA,no,colon adenocarcinoma,r0,0,NA,NA
tcga-aa-3713,tcga.aa.3713,68,0,NA,579,colon,stage iv,t3,n0,m1,male,2005,NA,yes,colon adenocarcinoma,r2,0,NA,NA
tcga-aa-3715,tcga.aa.3715,77,1,579,NA,colon,stage ii,t3,n0,m0,male,2006,NA,no,colon adenocarcinoma,r0,0,NA,NA
tcga-aa-3814,tcga.aa.3814,85,0,NA,0,colon,stage iia,t3,n0,m0,female,2007,NA,NA,colon adenocarcinoma,r0,0,NA,NA
tcga-aa-3844,tcga.aa.3844,78,0,NA,454,colon,stage iiic,t3,n2,m0,female,2009,NA,yes,colon adenocarcinoma,r0,7,NA,NA
tcga-aa-3860,tcga.aa.3860,53,0,NA,945,colon,stage iiib,t3,n1,m0,female,2009,NA,no,colon adenocarcinoma,r0,2,NA,NA
tcga-aa-3862,tcga.aa.3862,82,0,NA,914,colon,stage iia,t3,n0,m0,male,2009,NA,no,colon adenocarcinoma,r0,0,NA,NA
tcga-aa-3867,tcga.aa.3867,74,0,NA,731,colon,stage iv,t3,n2,m1,male,2007,NA,no,colon adenocarcinoma,r2,4,NA,NA
tcga-aa-3870,tcga.aa.3870,71,0,NA,912,colon,stage iv,t3,n2,m1,female,2009,NA,NA,colon adenocarcinoma,r0,5,NA,NA
tcga-aa-3939,tcga.aa.3939,83,0,NA,395,colon,stage iia,t3,n0,m0,male,2009,NA,no,colon adenocarcinoma,r0,0,NA,NA
tcga-aa-3950,tcga.aa.3950,79,0,NA,730,colon,stage iia,t3,n0,m0,female,2010,NA,no,colon mucinous adenocarcinoma,r0,0,NA,NA
tcga-aa-3952,tcga.aa.3952,68,1,61,NA,colon,stage iiic,t3,n2,m0,male,2008,NA,NA,colon adenocarcinoma,r0,6,NA,NA
tcga-aa-3972,tcga.aa.3972,72,0,NA,1551,colon,stage iv,t3,n1,m1,male,2008,NA,no,colon adenocarcinoma,r2,3,NA,NA
tcga-aa-3976,tcga.aa.3976,70,0,NA,791,colon,stage iiia,t2,n1,m0,male,2009,NA,no,colon adenocarcinoma,r0,2,NA,NA
tcga-aa-3979,tcga.aa.3979,84,0,NA,730,colon,stage iia,t3,n0,m0,male,2010,NA,no,colon adenocarcinoma,r0,0,NA,NA
tcga-aa-3986,tcga.aa.3986,73,0,NA,580,colon,stage i,t2,n0,m0,male,2007,NA,no,colon adenocarcinoma,r0,0,NA,NA
tcga-aa-a00l,tcga.aa.a00l,66,0,NA,1157,colon,stage iia,t3,n0,m0,male,2009,NA,no,colon adenocarcinoma,r0,0,NA,NA
tcga-aa-a00z,tcga.aa.a00z,70,0,NA,669,colon,stage iia,t3,n0,m0,male,2008,NA,no,colon adenocarcinoma,r0,0,NA,NA
tcga-aa-a024,tcga.aa.a024,81,1,1188,NA,colon,stage ii,t3,n0,m0,male,2005,NA,no,colon mucinous adenocarcinoma,r0,0,NA,NA
tcga-ad-6548,tcga.ad.6548,81,0,NA,650,colon,stage i,t2,n0,m0,female,2011,NA,no,colon adenocarcinoma,r0,0,white,not hispanic or latino
tcga-ad-6888,tcga.ad.6888,73,1,472,NA,colon,stage iiib,t3,n1b,m0,male,2010,NA,no,colon adenocarcinoma,r0,2,white,not hispanic or latino
tcga-ad-6895,tcga.ad.6895,84,0,NA,763,colon,stage iiib,t3,n1a,m0,male,2011,NA,no,colon adenocarcinoma,r0,1,white,not hispanic or latino
tcga-ad-6964,tcga.ad.6964,58,1,331,NA,colon,NA,t4a,n2b,NA,male,2011,NA,no,colon adenocarcinoma,NA,0,white,not hispanic or latino
tcga-az-4313,tcga.az.4313,51,0,NA,2310,colon,stage i,t1,n0,m0,female,2007,NA,no,colon adenocarcinoma,NA,0,white,not hispanic or latino
tcga-az-4681,tcga.az.4681,79,0,NA,3247,colon,stage iia,t3,n0,m0,female,2004,NA,no,colon adenocarcinoma,r0,NA,white,not hispanic or latino
tcga-az-6601,tcga.az.6601,68,1,3042,NA,colon,stage ii,t3,n0,m0,male,2001,NA,no,colon adenocarcinoma,NA,0,white,not hispanic or latino
tcga-az-6608,tcga.az.6608,55,1,59,NA,colon,stage iiia,t2,n1,m0,female,2009,NA,no,colon adenocarcinoma,NA,2,white,not hispanic or latino
tcga-ck-5912,tcga.ck.5912,81,1,1493,NA,colon,stage i,t2,n0,mx,male,2006,NA,no,colon adenocarcinoma,rx,NA,white,not hispanic or latino
tcga-dm-a285,tcga.dm.a285,71,1,179,NA,colon,stage iv,t3,n2,m1,female,2001,NA,NA,colon mucinous adenocarcinoma,NA,11,white,not hispanic or latino
tcga-g4-6294,tcga.g4.6294,75,1,858,NA,colon,stage iv,t3,n1,m1,male,2004,NA,no,colon adenocarcinoma,r0,2,white,not hispanic or latino
tcga-g4-6298,tcga.g4.6298,90,1,715,NA,colon,stage iiib,t4a,n1,mx,male,2005,NA,no,colon adenocarcinoma,r0,1,black or african american,not hispanic or latino
tcga-g4-6310,tcga.g4.6310,69,0,NA,1935,colon,stage iiib,t3,n1,m0,male,2008,NA,yes,colon adenocarcinoma,r0,1,white,not hispanic or latino
tcga-g4-6314,tcga.g4.6314,76,0,NA,1093,colon,stage iv,t3,n2,m1,female,2008,NA,no,colon adenocarcinoma,r0,50,white,not hispanic or latino
tcga-g4-6321,tcga.g4.6321,60,0,NA,672,colon,stage iii,t2,n1,mx,female,2009,NA,no,colon adenocarcinoma,r0,3,white,not hispanic or latino
tcga-g4-6586,tcga.g4.6586,73,0,NA,1089,colon,stage iia,t3,n0,m0,female,2008,NA,no,colon adenocarcinoma,r0,0,white,not hispanic or latino
tcga-g4-6588,tcga.g4.6588,58,0,NA,796,colon,stage iia,t3,n0,m0,female,2009,NA,no,colon adenocarcinoma,r0,0,white,not hispanic or latino
tcga-g4-6625,tcga.g4.6625,77,0,NA,2792,colon,stage iia,t3,n0,m0,female,2004,NA,no,colon adenocarcinoma,r0,0,white,not hispanic or latino
tcga-g4-6628,tcga.g4.6628,78,0,NA,2424,colon,stage i,t2,n0,m0,male,2006,NA,no,colon adenocarcinoma,r0,0,white,not hispanic or latino
tcga-nh-a8f7,tcga.nh.a8f7,53,0,NA,543,colon,stage iia,t3,n0,mx,female,2013,NA,yes,colon adenocarcinoma,r0,0,black or african american,not hispanic or latino
tcga-3l-aa1b,tcga.3l.aa1b,61,0,NA,475,colon,stage i,t2,n0,m0,female,2013,NA,no,colon adenocarcinoma,r0,0,black or african american,not hispanic or latino
tcga-4n-a93t,tcga.4n.a93t,67,0,NA,146,colon,stage iiib,t4a,n1b,m0,male,2013,NA,no,colon adenocarcinoma,r0,NA,black or african american,not hispanic or latino
tcga-4t-aa8h,tcga.4t.aa8h,42,0,NA,385,colon,stage iia,t3,n0,mx,female,2013,NA,no,colon mucinous adenocarcinoma,r0,0,black or african american,not hispanic or latino
tcga-5m-aat4,tcga.5m.aat4,74,1,49,NA,colon,stage iv,t3,n0,m1b,male,2009,NA,no,colon adenocarcinoma,r0,0,black or african american,hispanic or latino
tcga-5m-aat6,tcga.5m.aat6,40,1,290,NA,colon,stage iv,t4a,n2b,m1a,female,2009,NA,no,colon adenocarcinoma,r2,10,black or african american,hispanic or latino
tcga-5m-aate,tcga.5m.aate,76,0,NA,1200,colon,stage iia,t3,n0,m0,male,2011,NA,no,colon adenocarcinoma,r0,0,black or african american,hispanic or latino
tcga-a6-2671,tcga.a6.2671,85,1,1331,NA,colon,stage iv,t3,n2,m1,male,2009,NA,no,colon adenocarcinoma,r0,3,white,not hispanic or latino
tcga-a6-2672,tcga.a6.2672,82,0,NA,1419,colon,stage iiib,t3,n1,m0,female,2009,NA,no,colon adenocarcinoma,r0,1,white,not hispanic or latino
tcga-a6-2674,tcga.a6.2674,71,0,NA,1331,colon,stage iv,t3,n2,m1,male,2009,NA,no,colon mucinous adenocarcinoma,r0,7,white,not hispanic or latino
tcga-a6-2675,tcga.a6.2675,78,0,NA,1321,colon,stage iia,t3,n0,mx,male,2009,NA,no,colon adenocarcinoma,r0,0,white,not hispanic or latino
tcga-a6-2676,tcga.a6.2676,75,1,1305,NA,colon,stage iib,t4,n0,m0,female,2009,NA,no,colon adenocarcinoma,r0,0,white,not hispanic or latino
tcga-a6-2678,tcga.a6.2678,43,0,NA,1286,colon,stage iiib,t3,n1,m0,female,2009,NA,no,colon adenocarcinoma,r0,2,white,not hispanic or latino
tcga-a6-2679,tcga.a6.2679,73,0,NA,1366,colon,stage iib,t3,n0,NA,female,2009,NA,no,colon adenocarcinoma,r0,0,white,not hispanic or latino
tcga-a6-2680,tcga.a6.2680,72,0,NA,1068,colon,stage ii,t3,n0,m0,female,2009,NA,no,colon adenocarcinoma,r0,0,black or african american,not hispanic or latino
tcga-a6-2683,tcga.a6.2683,57,1,504,NA,colon,stage iv,t4,n0,m1,female,2009,NA,no,colon adenocarcinoma,r0,0,white,not hispanic or latino
tcga-a6-2684,tcga.a6.2684,75,0,NA,1127,colon,stage i,t2,n0,m0,female,2009,NA,no,colon adenocarcinoma,r0,0,white,not hispanic or latino
tcga-a6-2685,tcga.a6.2685,48,0,NA,1133,colon,stage iia,t3,n0,m0,female,2009,NA,no,colon adenocarcinoma,r0,0,black or african american,not hispanic or latino
tcga-a6-2686,tcga.a6.2686,81,1,1126,NA,colon,stage iia,t3,n0,m0,female,2009,NA,no,colon adenocarcinoma,r0,0,white,not hispanic or latino
tcga-a6-3807,tcga.a6.3807,53,0,NA,1054,colon,stage iiic,t3,n2,m0,female,2009,NA,no,colon adenocarcinoma,r0,5,white,not hispanic or latino
tcga-a6-3808,tcga.a6.3808,73,0,NA,1014,colon,stage iia,t3,n0,m0,male,2009,NA,no,colon adenocarcinoma,r0,0,white,not hispanic or latino
tcga-a6-3809,tcga.a6.3809,71,0,NA,996,colon,stage iib,t4,n0,m0,female,2009,NA,no,colon mucinous adenocarcinoma,r0,0,white,not hispanic or latino
tcga-a6-3810,tcga.a6.3810,62,0,NA,1111,colon,stage iia,t3,n0,m0,male,2009,NA,no,colon adenocarcinoma,r0,0,white,not hispanic or latino
tcga-a6-4107,tcga.a6.4107,57,0,NA,987,colon,stage iiib,t3,n1b,m0,female,2010,NA,no,colon adenocarcinoma,r0,2,white,not hispanic or latino
tcga-a6-5656,tcga.a6.5656,74,0,NA,1001,colon,stage i,t2,n0,m0,male,2010,NA,no,colon adenocarcinoma,NA,0,white,not hispanic or latino
tcga-a6-5657,tcga.a6.5657,65,0,NA,962,colon,stage iiib,t3,n1,m0,male,2010,NA,no,colon adenocarcinoma,r0,1,black or african american,not hispanic or latino
tcga-a6-5659,tcga.a6.5659,82,0,NA,926,colon,stage i,t2,n0,m0,male,2010,NA,no,colon adenocarcinoma,r0,0,white,not hispanic or latino
tcga-a6-5660,tcga.a6.5660,73,0,NA,888,colon,stage iiic,t3,n2b,m0,male,2010,NA,no,colon adenocarcinoma,NA,11,black or african american,not hispanic or latino
tcga-a6-5661,tcga.a6.5661,80,0,NA,1020,colon,stage iia,t3,n0,m0,female,2010,NA,no,colon adenocarcinoma,r0,0,black or african american,not hispanic or latino
tcga-a6-5662,tcga.a6.5662,46,0,NA,718,colon,stage iva,t3,n2,m1,male,2010,NA,no,colon adenocarcinoma,NA,7,white,not hispanic or latino
tcga-a6-5664,tcga.a6.5664,80,0,NA,672,colon,stage iiic,t4a,n2a,mx,male,2010,NA,no,colon adenocarcinoma,NA,5,black or african american,not hispanic or latino
tcga-a6-5665,tcga.a6.5665,84,0,NA,671,colon,stage iia,t3,n0,m0,female,2010,NA,no,colon adenocarcinoma,r0,0,white,not hispanic or latino
tcga-a6-5666,tcga.a6.5666,78,0,NA,995,colon,stage iic,t4b,n0,m0,male,2010,NA,no,colon adenocarcinoma,NA,0,white,not hispanic or latino
tcga-a6-5667,tcga.a6.5667,40,0,NA,887,colon,stage iiib,t3,n1a,mx,female,2010,NA,no,colon adenocarcinoma,r0,1,white,not hispanic or latino
tcga-a6-6137,tcga.a6.6137,55,0,NA,824,colon,stage iiib,t3,n1c,m0,male,2010,NA,no,colon adenocarcinoma,NA,0,white,not hispanic or latino
tcga-a6-6138,tcga.a6.6138,61,0,NA,685,colon,stage i,t2,n0,m0,male,2010,NA,no,colon adenocarcinoma,NA,0,white,not hispanic or latino
tcga-a6-6140,tcga.a6.6140,62,0,NA,734,colon,stage iia,t3,n0,m0,male,2011,NA,no,colon adenocarcinoma,NA,0,white,not hispanic or latino
tcga-a6-6141,tcga.a6.6141,31,0,NA,255,colon,stage iia,t3,n0,m0,male,2011,NA,no,colon adenocarcinoma,NA,0,black or african american,not hispanic or latino
tcga-a6-6142,tcga.a6.6142,56,0,NA,763,colon,stage iva,t3,n1a,m1a,female,2011,NA,no,colon adenocarcinoma,NA,1,white,not hispanic or latino
tcga-a6-6648,tcga.a6.6648,56,0,NA,766,colon,stage iva,t3,n0,m1a,male,2010,NA,no,colon adenocarcinoma,NA,0,white,not hispanic or latino
tcga-a6-6650,tcga.a6.6650,69,0,NA,627,colon,stage iia,t3,n0,m0,female,2010,NA,no,colon adenocarcinoma,NA,0,black or african american,not hispanic or latino
tcga-a6-6651,tcga.a6.6651,55,0,NA,662,colon,stage iiib,t3,n1b,mx,female,2010,NA,no,colon adenocarcinoma,NA,2,white,not hispanic or latino
tcga-a6-6652,tcga.a6.6652,59,0,NA,751,colon,stage iva,t3,n0,m1,male,2011,NA,no,colon adenocarcinoma,NA,0,black or african american,not hispanic or latino
tcga-a6-6653,tcga.a6.6653,82,0,NA,742,colon,stage i,t2,n0,m0,male,2011,NA,no,colon adenocarcinoma,NA,0,white,not hispanic or latino
tcga-a6-6654,tcga.a6.6654,65,0,NA,726,colon,stage iiib,t3,n1,m0,female,2011,NA,no,colon adenocarcinoma,NA,1,white,not hispanic or latino
tcga-a6-6780,tcga.a6.6780,74,0,NA,612,colon,stage iia,t3,n0,mx,male,2011,NA,no,colon mucinous adenocarcinoma,NA,0,white,not hispanic or latino
tcga-a6-6781,tcga.a6.6781,43,0,NA,598,colon,stage iiic,t4b,n1b,mx,male,2011,NA,no,colon mucinous adenocarcinoma,r0,2,white,not hispanic or latino
tcga-a6-6782,tcga.a6.6782,82,0,NA,617,colon,stage iib,t4a,n0,mx,male,2011,NA,no,colon adenocarcinoma,NA,0,white,not hispanic or latino
tcga-a6-a565,tcga.a6.a565,34,1,494,NA,colon,stage iiic,t3,n2,mx,female,2008,NA,no,colon mucinous adenocarcinoma,rx,13,black or african american,NA
tcga-a6-a566,tcga.a6.a566,55,1,758,NA,colon,stage iiib,t4,n1,m0,female,2007,NA,no,colon mucinous adenocarcinoma,r0,2,black or african american,not hispanic or latino
tcga-a6-a567,tcga.a6.a567,56,1,1881,NA,colon,stage iv,t3,n1,m1,male,2007,NA,no,colon adenocarcinoma,NA,3,black or african american,NA
tcga-a6-a56b,tcga.a6.a56b,57,1,1711,NA,colon,stage iiib,t3,n1,m0,male,2008,NA,no,colon adenocarcinoma,r0,3,black or african american,not hispanic or latino
tcga-a6-a5zu,tcga.a6.a5zu,59,0,NA,293,colon,stage iiib,t3,n1,m0,male,2013,NA,no,colon adenocarcinoma,rx,1,black or african american,not hispanic or latino
tcga-aa-3488,tcga.aa.3488,58,1,153,NA,colon,stage iv,t3,n2,m1,male,2002,NA,NA,colon adenocarcinoma,r2,15,NA,NA
tcga-aa-3489,tcga.aa.3489,75,1,214,NA,colon,stage ii,t3,n0,m0,male,2002,NA,no,colon adenocarcinoma,r0,0,NA,NA
tcga-aa-3492,tcga.aa.3492,89,1,92,NA,colon,stage ii,t3,n0,m0,female,2002,NA,no,colon adenocarcinoma,r0,0,NA,NA
tcga-aa-3494,tcga.aa.3494,55,0,NA,31,colon,stage iv,t3,n0,m1,male,2002,NA,NA,colon adenocarcinoma,r2,0,NA,NA
tcga-aa-3495,tcga.aa.3495,79,0,NA,1127,colon,stage i,t2,n0,m0,male,2002,NA,no,colon adenocarcinoma,r0,0,NA,NA
tcga-aa-3502,tcga.aa.3502,73,0,NA,1065,colon,stage i,t2,n0,m0,male,2003,NA,no,colon adenocarcinoma,r0,0,NA,NA
tcga-aa-3509,tcga.aa.3509,54,0,NA,1915,colon,stage ii,t3,n0,m0,female,2005,NA,no,colon adenocarcinoma,r0,0,NA,NA
tcga-aa-3510,tcga.aa.3510,70,0,NA,1946,colon,stage ii,t3,n0,m0,male,2005,NA,no,colon adenocarcinoma,r0,0,NA,NA
tcga-aa-3511,tcga.aa.3511,64,0,NA,212,colon,stage ii,t4,n0,m0,male,2005,NA,no,colon adenocarcinoma,r0,0,NA,NA
tcga-aa-3514,tcga.aa.3514,81,0,NA,31,colon,stage i,t2,n0,m0,female,2006,NA,no,colon adenocarcinoma,r0,0,NA,NA
tcga-aa-3517,tcga.aa.3517,60,0,NA,1186,colon,stage iia,t3,n0,m0,male,2007,NA,no,colon adenocarcinoma,r0,0,NA,NA
tcga-aa-3518,tcga.aa.3518,81,0,NA,31,colon,stage iia,t3,n0,m0,female,2007,NA,NA,colon adenocarcinoma,r0,0,NA,NA
tcga-aa-3519,tcga.aa.3519,63,0,NA,276,colon,stage iii,t3,n1,m0,male,2007,NA,no,colon adenocarcinoma,r0,3,NA,NA
tcga-aa-3526,tcga.aa.3526,57,0,NA,580,colon,stage i,t2,n0,m0,male,2007,NA,no,colon adenocarcinoma,r0,0,NA,NA
tcga-aa-3529,tcga.aa.3529,78,1,0,NA,colon,stage iiic,t3,n2,m0,female,2007,NA,NA,colon adenocarcinoma,r0,10,NA,NA
tcga-aa-3532,tcga.aa.3532,63,0,NA,882,colon,stage iia,t3,n0,m0,male,2007,NA,no,colon adenocarcinoma,r0,0,NA,NA
tcga-aa-3534,tcga.aa.3534,78,0,NA,882,colon,stage iia,t3,n0,m0,female,2007,NA,no,colon adenocarcinoma,r0,0,NA,NA
tcga-aa-3538,tcga.aa.3538,54,0,NA,791,colon,stage i,t2,n0,m0,female,2008,NA,no,colon adenocarcinoma,r0,0,NA,NA
tcga-aa-3542,tcga.aa.3542,69,0,NA,395,colon,stage iiic,t3,n2,m0,male,2008,NA,no,colon adenocarcinoma,r0,4,NA,NA
tcga-aa-3544,tcga.aa.3544,68,0,NA,426,colon,stage i,t2,n0,m0,male,2008,NA,no,colon adenocarcinoma,r0,0,NA,NA
tcga-aa-3548,tcga.aa.3548,71,0,NA,1034,colon,stage iiic,t3,n2,m0,female,2008,NA,no,colon adenocarcinoma,r0,4,NA,NA
tcga-aa-3549,tcga.aa.3549,69,0,NA,639,colon,stage i,t2,n0,m0,male,2008,NA,yes,colon adenocarcinoma,r0,0,NA,NA
tcga-aa-3553,tcga.aa.3553,61,0,NA,730,colon,stage i,t2,n0,m0,female,2008,NA,no,colon adenocarcinoma,r0,0,NA,NA
tcga-aa-3555,tcga.aa.3555,81,0,NA,911,colon,stage iia,t3,n0,m0,female,2008,NA,no,colon mucinous adenocarcinoma,r0,0,NA,NA
tcga-aa-3558,tcga.aa.3558,70,0,NA,638,colon,stage i,t2,n0,m0,male,2008,NA,no,colon adenocarcinoma,r2,0,NA,NA
tcga-aa-3561,tcga.aa.3561,72,0,NA,424,colon,stage iia,t3,n0,m0,male,2009,NA,no,colon adenocarcinoma,r0,NA,NA,NA
tcga-aa-3655,tcga.aa.3655,68,0,NA,1856,colon,stage ii,t3,n0,m0,male,2005,NA,no,colon adenocarcinoma,r0,0,NA,NA
tcga-aa-3660,tcga.aa.3660,51,0,NA,2375,colon,stage ii,t3,n0,m0,female,2005,NA,no,colon adenocarcinoma,r0,0,NA,NA
tcga-aa-3663,tcga.aa.3663,42,0,NA,212,colon,stage ii,t3,n0,m0,male,2005,NA,no,colon adenocarcinoma,r0,0,NA,NA
tcga-aa-3664,tcga.aa.3664,74,0,NA,1643,colon,stage ii,t3,n0,m0,female,2005,NA,no,colon adenocarcinoma,r0,0,NA,NA
tcga-aa-3666,tcga.aa.3666,68,1,61,NA,colon,stage iii,t3,n1,m0,male,2005,NA,NA,colon adenocarcinoma,r0,2,NA,NA
tcga-aa-3667,tcga.aa.3667,36,0,NA,426,colon,stage i,t2,n0,m0,female,2005,NA,no,colon adenocarcinoma,r0,0,NA,NA
tcga-aa-3673,tcga.aa.3673,53,0,NA,1522,colon,stage ii,t3,n0,m0,female,2006,NA,no,colon adenocarcinoma,r0,0,NA,NA
tcga-aa-3675,tcga.aa.3675,84,0,NA,1431,colon,stage ii,t3,n0,m0,male,2006,NA,no,colon adenocarcinoma,r0,0,NA,NA
tcga-aa-3678,tcga.aa.3678,60,0,NA,1430,colon,stage iii,t2,n1,m0,female,2006,NA,no,colon adenocarcinoma,r0,1,NA,NA
tcga-aa-3679,tcga.aa.3679,59,0,NA,457,colon,stage iv,t3,n2,m1,male,2006,NA,no,colon adenocarcinoma,r2,5,NA,NA
tcga-aa-3680,tcga.aa.3680,67,1,335,NA,colon,stage iv,t4,n2,m1,female,2006,NA,no,colon adenocarcinoma,r2,12,NA,NA
tcga-aa-3681,tcga.aa.3681,77,0,NA,182,colon,stage iii,t3,n1,m0,female,2006,NA,no,colon adenocarcinoma,r0,2,NA,NA
tcga-aa-3684,tcga.aa.3684,65,0,NA,0,colon,stage iv,t4,n2,m1,female,2007,NA,NA,colon mucinous adenocarcinoma,r2,9,NA,NA
tcga-aa-3685,tcga.aa.3685,69,0,NA,1127,colon,stage ii,t3,n0,m0,male,2007,NA,no,colon adenocarcinoma,r0,0,NA,NA
tcga-aa-3693,tcga.aa.3693,77,0,NA,0,colon,stage iv,t4,n1,m1,female,2008,NA,NA,colon adenocarcinoma,r2,2,NA,NA
tcga-aa-3695,tcga.aa.3695,63,0,NA,0,colon,stage iv,t3,n2,m1,female,2009,NA,NA,colon adenocarcinoma,r2,6,NA,NA
tcga-aa-3696,tcga.aa.3696,75,1,153,NA,colon,stage iv,t3,n1,m1,female,2009,NA,no,colon adenocarcinoma,r2,1,NA,NA
tcga-aa-3710,tcga.aa.3710,80,0,NA,821,colon,stage iia,t3,n0,m0,female,2008,NA,no,colon adenocarcinoma,r0,0,NA,NA
tcga-aa-3712,tcga.aa.3712,65,0,NA,0,colon,stage iii,t3,n2,m0,male,2004,NA,NA,colon adenocarcinoma,r0,12,NA,NA
tcga-aa-3811,tcga.aa.3811,84,1,306,NA,colon,stage iii,t3,n2,m0,female,2007,NA,no,colon adenocarcinoma,r0,5,NA,NA
tcga-aa-3812,tcga.aa.3812,82,0,NA,1066,colon,stage iia,t3,n0,m0,female,2007,NA,no,colon adenocarcinoma,r0,0,NA,NA
tcga-aa-3815,tcga.aa.3815,65,0,NA,1005,colon,stage iia,t3,n0,m0,female,2007,NA,no,colon adenocarcinoma,r0,0,NA,NA
tcga-aa-3818,tcga.aa.3818,78,1,30,NA,colon,stage iia,t3,n0,m0,female,2007,NA,NA,colon adenocarcinoma,r0,0,NA,NA
tcga-aa-3819,tcga.aa.3819,41,0,NA,761,colon,stage iia,t3,n0,m0,female,2008,NA,no,colon adenocarcinoma,r0,0,NA,NA
tcga-aa-3821,tcga.aa.3821,81,0,NA,31,colon,stage i,t2,n0,m0,female,2008,NA,no,colon mucinous adenocarcinoma,r0,0,NA,NA
tcga-aa-3831,tcga.aa.3831,66,0,NA,547,colon,stage iia,t3,n0,m0,male,2008,NA,no,colon adenocarcinoma,r0,0,NA,NA
tcga-aa-3833,tcga.aa.3833,63,0,NA,485,colon,stage iia,t3,n0,m0,female,2008,NA,no,colon adenocarcinoma,r0,0,NA,NA
tcga-aa-3837,tcga.aa.3837,67,0,NA,1186,colon,stage iia,t3,n0,m0,male,2008,NA,no,colon mucinous adenocarcinoma,r0,0,NA,NA
tcga-aa-3841,tcga.aa.3841,66,0,NA,1124,colon,stage iia,t3,n0,m0,male,2009,NA,no,colon adenocarcinoma,r0,0,NA,NA
tcga-aa-3842,tcga.aa.3842,51,0,NA,1126,colon,stage iiia,t2,n1,m0,male,2009,NA,no,colon adenocarcinoma,r0,2,NA,NA
tcga-aa-3845,tcga.aa.3845,86,1,0,NA,colon,stage iia,t3,n0,m0,female,2009,NA,NA,colon adenocarcinoma,r0,0,NA,NA
tcga-aa-3846,tcga.aa.3846,74,0,NA,518,colon,stage iia,t3,n0,m0,female,2009,NA,no,colon adenocarcinoma,r0,0,NA,NA
tcga-aa-3848,tcga.aa.3848,82,1,306,NA,colon,stage iiic,t3,n2,m0,female,2009,NA,no,colon adenocarcinoma,r0,6,NA,NA
tcga-aa-3850,tcga.aa.3850,74,1,0,NA,colon,stage i,t2,n0,m0,male,2009,NA,NA,colon adenocarcinoma,r0,0,NA,NA
tcga-aa-3851,tcga.aa.3851,74,0,NA,1006,colon,stage iia,t3,n0,m0,male,2009,NA,no,colon adenocarcinoma,r0,0,NA,NA
tcga-aa-3852,tcga.aa.3852,88,1,0,NA,colon,stage iia,t3,n0,m0,male,2009,NA,NA,colon mucinous adenocarcinoma,r0,0,NA,NA
tcga-aa-3854,tcga.aa.3854,71,0,NA,1096,colon,stage i,t2,n0,m0,female,2009,NA,no,colon mucinous adenocarcinoma,r0,0,NA,NA
tcga-aa-3855,tcga.aa.3855,72,0,NA,975,colon,stage i,t2,n0,m0,male,2009,NA,no,colon adenocarcinoma,r0,0,NA,NA
tcga-aa-3856,tcga.aa.3856,59,0,NA,30,colon,stage iia,t3,n0,m0,male,2009,NA,NA,colon adenocarcinoma,r0,0,NA,NA
tcga-aa-3858,tcga.aa.3858,67,0,NA,945,colon,stage i,t2,n0,m0,male,2009,NA,no,colon adenocarcinoma,r0,0,NA,NA
tcga-aa-3861,tcga.aa.3861,72,0,NA,914,colon,stage iia,t3,n0,m0,male,2009,NA,no,colon adenocarcinoma,r0,0,NA,NA
tcga-aa-3864,tcga.aa.3864,71,0,NA,1612,colon,stage ii,t3,n0,m0,male,2005,NA,no,colon adenocarcinoma,r0,0,NA,NA
tcga-aa-3866,tcga.aa.3866,78,0,NA,518,colon,stage i,t2,n0,m0,female,2006,NA,no,colon adenocarcinoma,r0,0,NA,NA
tcga-aa-3869,tcga.aa.3869,76,1,822,NA,colon,stage iv,t4,n2,m1,male,2009,NA,no,colon adenocarcinoma,r2,14,NA,NA
tcga-aa-3872,tcga.aa.3872,45,0,NA,0,colon,stage iv,t4,n2,m1,male,2009,NA,NA,colon adenocarcinoma,r2,23,NA,NA
tcga-aa-3875,tcga.aa.3875,78,0,NA,549,colon,stage i,t1,n0,m0,female,2007,NA,no,colon adenocarcinoma,r0,0,NA,NA
tcga-aa-3877,tcga.aa.3877,83,0,NA,943,colon,stage i,t1,n0,m0,female,2007,NA,no,colon mucinous adenocarcinoma,r0,0,NA,NA
tcga-aa-3930,tcga.aa.3930,66,1,61,NA,colon,stage iv,t3,n2,m1,male,2008,NA,no,colon adenocarcinoma,r2,24,NA,NA
tcga-aa-3941,tcga.aa.3941,84,0,NA,730,colon,stage iva,t4,n1b,m1a,female,2010,NA,no,colon adenocarcinoma,r0,3,NA,NA
tcga-aa-3947,tcga.aa.3947,60,0,NA,1004,colon,stage iib,t4,n0,m0,female,2009,NA,no,colon mucinous adenocarcinoma,r0,0,NA,NA
tcga-aa-3949,tcga.aa.3949,87,0,NA,791,colon,stage iiib,t3,n1,m0,female,2009,NA,no,colon mucinous adenocarcinoma,r0,3,NA,NA
tcga-aa-3955,tcga.aa.3955,38,0,NA,638,colon,stage iiib,t2,n2a,m0,male,2010,NA,no,colon adenocarcinoma,r0,5,NA,NA
tcga-aa-3956,tcga.aa.3956,65,0,NA,1035,colon,stage iia,t3,n0,m0,male,2007,NA,no,colon adenocarcinoma,r0,0,NA,NA
tcga-aa-3966,tcga.aa.3966,89,0,NA,61,colon,stage iia,t3,n0,m0,female,2009,NA,NA,colon mucinous adenocarcinoma,NA,0,NA,NA
tcga-aa-3967,tcga.aa.3967,77,0,NA,943,colon,stage iiib,t3,n1,m0,male,2008,NA,no,colon adenocarcinoma,r0,2,NA,NA
tcga-aa-3968,tcga.aa.3968,55,0,NA,669,colon,stage i,t2,n0,m0,female,2008,NA,no,colon adenocarcinoma,r0,0,NA,NA
tcga-aa-3970,tcga.aa.3970,65,0,NA,1096,colon,stage iia,t3,n0,m0,male,2009,NA,no,colon adenocarcinoma,r0,0,NA,NA
tcga-aa-3971,tcga.aa.3971,58,0,NA,489,colon,stage iii,t3,n1,m0,male,2007,NA,no,colon adenocarcinoma,r0,2,NA,NA
tcga-aa-3973,tcga.aa.3973,69,0,NA,397,colon,stage iv,t4,n1,m1,male,2007,NA,no,colon adenocarcinoma,r2,3,NA,NA
tcga-aa-3975,tcga.aa.3975,80,0,NA,1036,colon,stage i,t2,n0,m0,male,2009,NA,no,colon adenocarcinoma,r0,0,NA,NA
tcga-aa-3977,tcga.aa.3977,65,0,NA,761,colon,NA,t2,n0,NA,male,2009,NA,no,colon adenocarcinoma,NA,0,NA,NA
tcga-aa-3980,tcga.aa.3980,89,0,NA,822,colon,stage i,t2,n0,m0,female,2009,NA,no,colon adenocarcinoma,NA,0,NA,NA
tcga-aa-3982,tcga.aa.3982,75,0,NA,822,colon,stage iiib,t3,n1,m0,male,2009,NA,no,colon adenocarcinoma,NA,3,NA,NA
tcga-aa-3984,tcga.aa.3984,61,0,NA,0,colon,stage iia,t3,n0,m0,female,2009,NA,NA,colon adenocarcinoma,r0,0,NA,NA
tcga-aa-3989,tcga.aa.3989,84,1,242,NA,colon,stage iv,t3,n2,m1,male,2009,NA,no,colon adenocarcinoma,r2,5,NA,NA
tcga-aa-3994,tcga.aa.3994,69,0,NA,822,colon,stage iiib,t3,n1,m0,male,2008,NA,no,colon mucinous adenocarcinoma,r0,2,NA,NA
tcga-aa-a004,tcga.aa.a004,76,0,NA,424,colon,stage iia,t3,n0,m0,male,2009,NA,no,colon adenocarcinoma,r0,0,NA,NA
tcga-aa-a00a,tcga.aa.a00a,80,0,NA,1157,colon,stage iia,t3,n0,m0,male,2009,NA,no,colon adenocarcinoma,r0,0,NA,NA
tcga-aa-a00d,tcga.aa.a00d,70,0,NA,578,colon,stage i,t2,n0,m0,male,2007,NA,no,colon adenocarcinoma,r0,0,NA,NA
tcga-aa-a00e,tcga.aa.a00e,65,0,NA,913,colon,stage iia,t3,n0,m0,male,2007,NA,no,colon adenocarcinoma,r0,0,NA,NA
tcga-aa-a00f,tcga.aa.a00f,66,0,NA,1035,colon,stage iiic,t3,n2,m0,male,2007,NA,no,colon adenocarcinoma,r0,7,NA,NA
tcga-aa-a00j,tcga.aa.a00j,80,0,NA,549,colon,stage iiib,t4,n1,m0,male,2009,NA,no,colon mucinous adenocarcinoma,r0,2,NA,NA
tcga-aa-a00k,tcga.aa.a00k,79,0,NA,549,colon,stage iia,t3,n0,m0,male,2009,NA,NA,colon adenocarcinoma,r0,0,NA,NA
tcga-aa-a00n,tcga.aa.a00n,75,1,122,NA,colon,stage iib,t4,n0,m0,male,2008,NA,NA,colon mucinous adenocarcinoma,r0,0,NA,NA
tcga-aa-a00o,tcga.aa.a00o,83,0,NA,822,colon,stage iiic,t3,n2,m0,female,2008,NA,no,colon adenocarcinoma,r0,32,NA,NA
tcga-aa-a00q,tcga.aa.a00q,66,0,NA,1278,colon,stage iiib,t4,n1,m0,female,2008,NA,no,colon adenocarcinoma,r0,1,NA,NA
tcga-aa-a00r,tcga.aa.a00r,64,0,NA,30,colon,stage i,t2,n0,m0,female,2008,NA,NA,colon adenocarcinoma,r0,0,NA,NA
tcga-aa-a00u,tcga.aa.a00u,50,0,NA,518,colon,stage iiib,t3,n1,m0,male,2009,NA,no,colon adenocarcinoma,r0,0,NA,NA
tcga-aa-a00w,tcga.aa.a00w,80,0,NA,456,colon,stage i,t1,n0,m0,male,2008,NA,no,colon adenocarcinoma,r0,0,NA,NA
tcga-aa-a010,tcga.aa.a010,46,0,NA,1064,colon,stage iib,t4,n0,m0,female,2008,NA,no,colon adenocarcinoma,r0,0,NA,NA
tcga-aa-a017,tcga.aa.a017,57,0,NA,457,colon,stage iia,t3,n0,m0,female,2009,NA,no,colon adenocarcinoma,r0,0,NA,NA
tcga-aa-a01c,tcga.aa.a01c,75,0,NA,457,colon,stage iiia,t2,n1,m0,male,2009,NA,no,colon adenocarcinoma,r0,3,NA,NA
tcga-aa-a01d,tcga.aa.a01d,47,1,334,NA,colon,stage iiic,t3,n2,m0,female,2009,NA,no,colon mucinous adenocarcinoma,r0,12,NA,NA
tcga-aa-a01f,tcga.aa.a01f,72,0,NA,974,colon,stage iiib,t3,n1,m0,male,2009,NA,no,colon adenocarcinoma,r0,2,NA,NA
tcga-aa-a01g,tcga.aa.a01g,63,0,NA,365,colon,stage iia,t3,n0,m0,male,2009,NA,no,colon mucinous adenocarcinoma,r0,0,NA,NA
tcga-aa-a01i,tcga.aa.a01i,76,0,NA,943,colon,stage i,t2,n0,m0,male,2009,NA,no,colon adenocarcinoma,r0,0,NA,NA
tcga-aa-a01k,tcga.aa.a01k,74,0,NA,943,colon,stage iiic,t3,n2,m0,female,2009,NA,no,colon adenocarcinoma,r0,4,NA,NA
tcga-aa-a01p,tcga.aa.a01p,80,1,1158,NA,colon,stage iii,t3,n1,m0,female,2003,NA,no,colon adenocarcinoma,r0,1,NA,NA
tcga-aa-a01q,tcga.aa.a01q,48,0,NA,31,colon,stage ii,t3,n0,m0,female,2003,NA,NA,colon adenocarcinoma,r0,0,NA,NA
tcga-aa-a01r,tcga.aa.a01r,47,0,NA,1065,colon,stage iii,t3,n2,m0,male,2004,NA,yes,colon mucinous adenocarcinoma,r0,9,NA,NA
tcga-aa-a01s,tcga.aa.a01s,47,0,NA,31,colon,stage iii,t3,n1,m0,female,2004,NA,NA,colon adenocarcinoma,r0,1,NA,NA
tcga-aa-a01t,tcga.aa.a01t,63,0,NA,1005,colon,stage iii,t3,n1,m0,female,2004,NA,no,colon adenocarcinoma,r0,1,NA,NA
tcga-aa-a01v,tcga.aa.a01v,59,0,NA,31,colon,stage i,t2,n0,m0,male,2004,NA,NA,colon adenocarcinoma,r0,0,NA,NA
tcga-aa-a01x,tcga.aa.a01x,80,0,NA,791,colon,stage iii,t2,n1,m0,female,2004,NA,no,colon adenocarcinoma,rx,2,NA,NA
tcga-aa-a01z,tcga.aa.a01z,68,0,NA,1126,colon,stage ii,t3,n0,m0,male,2004,NA,no,colon adenocarcinoma,r0,0,NA,NA
tcga-aa-a022,tcga.aa.a022,88,0,NA,0,colon,stage ii,t4,n0,m0,female,2005,NA,NA,colon adenocarcinoma,r0,0,NA,NA
tcga-aa-a029,tcga.aa.a029,67,0,NA,1581,colon,stage ii,t3,n0,m0,male,2006,NA,no,colon adenocarcinoma,r0,0,NA,NA
tcga-aa-a02e,tcga.aa.a02e,82,1,90,NA,colon,stage iv,t3,n1,m1,female,2007,NA,NA,colon adenocarcinoma,r2,4,NA,NA
tcga-aa-a02f,tcga.aa.a02f,68,0,NA,1216,colon,stage iv,t3,n1,m1,female,2007,NA,no,colon adenocarcinoma,r2,1,NA,NA
tcga-aa-a02h,tcga.aa.a02h,74,1,61,NA,colon,stage iv,t3,n2,m1,female,2007,NA,NA,colon adenocarcinoma,r2,6,NA,NA
tcga-aa-a02j,tcga.aa.a02j,70,1,153,NA,colon,stage iv,t3,n0,m1,female,2008,NA,NA,colon adenocarcinoma,r2,0,NA,NA
tcga-aa-a02k,tcga.aa.a02k,50,1,426,NA,colon,stage iv,t4,n2,m1,male,2009,NA,no,colon adenocarcinoma,r2,7,NA,NA
tcga-aa-a02o,tcga.aa.a02o,82,0,NA,28,colon,stage ii,t3,n0,m0,male,2005,NA,NA,colon adenocarcinoma,r0,0,NA,NA
tcga-aa-a02r,tcga.aa.a02r,84,1,670,NA,colon,stage iia,t3,n0,m0,female,2006,NA,NA,colon adenocarcinoma,r0,0,NA,NA
tcga-aa-a02w,tcga.aa.a02w,73,0,NA,1247,colon,stage i,t2,n0,m0,female,2006,NA,no,colon adenocarcinoma,r0,0,NA,NA
tcga-aa-a02y,tcga.aa.a02y,73,0,NA,1216,colon,stage i,t2,n0,m0,male,2007,NA,no,colon adenocarcinoma,r0,0,NA,NA
tcga-aa-a03f,tcga.aa.a03f,90,1,549,NA,colon,stage iii,t3,n2,m0,female,2004,NA,no,colon mucinous adenocarcinoma,r0,4,NA,NA
tcga-aa-a03j,tcga.aa.a03j,65,0,NA,1246,colon,stage i,t2,n0,m0,female,2004,NA,no,colon adenocarcinoma,r0,0,NA,NA
tcga-ad-5900,tcga.ad.5900,67,0,NA,370,colon,stage i,t2,n0,mx,male,2010,NA,no,colon mucinous adenocarcinoma,r0,0,white,not hispanic or latino
tcga-ad-6889,tcga.ad.6889,NA,1,2532,NA,colon,stage iia,t3,n0,m0,male,2005,NA,no,colon adenocarcinoma,r0,0,asian,NA
tcga-ad-6890,tcga.ad.6890,65,0,NA,746,colon,NA,t1,n0,mx,male,2010,NA,no,colon adenocarcinoma,NA,0,white,NA
tcga-ad-6899,tcga.ad.6899,84,1,176,NA,colon,stage iiic,t4a,n2b,mx,male,2011,NA,no,colon mucinous adenocarcinoma,NA,17,white,NA
tcga-ad-6901,tcga.ad.6901,78,1,682,NA,colon,NA,t3,n0,mx,male,2011,NA,no,colon adenocarcinoma,NA,0,white,NA
tcga-ad-6963,tcga.ad.6963,58,0,NA,834,colon,NA,t3,n0,mx,male,2011,NA,no,colon adenocarcinoma,NA,0,white,NA
tcga-ad-6965,tcga.ad.6965,62,0,NA,805,colon,stage iiic,t4a,n2b,m0,male,2011,NA,no,colon adenocarcinoma,r1,11,white,not hispanic or latino
tcga-ad-a5ej,tcga.ad.a5ej,74,0,NA,0,colon,stage iia,t3,n0,mx,female,2012,NA,NA,colon adenocarcinoma,r0,0,black or african american,not hispanic or latino
tcga-ad-a5ek,tcga.ad.a5ek,51,0,NA,500,colon,stage i,t2,n0,mx,male,2012,NA,no,colon adenocarcinoma,r0,0,black or african american,not hispanic or latino
tcga-am-5820,tcga.am.5820,59,0,NA,14,colon,stage iva,t4a,n2,m1,female,2010,NA,NA,colon adenocarcinoma,r0,4,white,not hispanic or latino
tcga-am-5821,tcga.am.5821,68,0,NA,28,colon,stage iia,t3,n0,m0,female,2010,NA,NA,colon adenocarcinoma,r0,NA,white,not hispanic or latino
tcga-au-3779,tcga.au.3779,80,0,NA,441,colon,stage iia,t3,n0,m0,female,2010,NA,no,colon adenocarcinoma,r0,0,white,not hispanic or latino
tcga-au-6004,tcga.au.6004,69,0,NA,824,colon,stage i,t2,n0,m0,female,2010,NA,NA,colon adenocarcinoma,r0,0,white,not hispanic or latino
tcga-ay-4070,tcga.ay.4070,50,1,496,NA,colon,stage iiic,t3,n2,m0,female,2007,NA,no,colon adenocarcinoma,r1,5,black or african american,not hispanic or latino
tcga-ay-4071,tcga.ay.4071,63,1,29,NA,NA,stage i,t1,n0,NA,female,2009,NA,no,NA,r0,0,white,not hispanic or latino
tcga-ay-5543,tcga.ay.5543,65,0,NA,1004,colon,stage iva,t3,n1a,m1,female,2010,NA,no,colon adenocarcinoma,r0,1,black or african american,not hispanic or latino
tcga-ay-6196,tcga.ay.6196,47,0,NA,6,colon,stage iiic,t3,n2b,NA,male,2010,NA,NA,colon mucinous adenocarcinoma,r0,12,white,not hispanic or latino
tcga-ay-6197,tcga.ay.6197,60,0,NA,652,colon,stage iia,t3,n0,NA,male,2010,NA,no,colon adenocarcinoma,r0,0,white,not hispanic or latino
tcga-ay-6386,tcga.ay.6386,66,0,NA,542,colon,stage iiib,t3,n1a,m0,female,2010,NA,no,colon adenocarcinoma,r0,1,black or african american,not hispanic or latino
tcga-ay-a54l,tcga.ay.a54l,74,0,NA,525,colon,stage i,t2,n0,m0,female,2012,NA,no,colon adenocarcinoma,r0,0,black or african american,NA
tcga-ay-a69d,tcga.ay.a69d,55,0,NA,543,colon,stage iia,t3,n0,m0,female,2012,NA,no,colon adenocarcinoma,r0,0,black or african american,not hispanic or latino
tcga-ay-a71x,tcga.ay.a71x,54,0,NA,588,colon,stage i,t2,n0,m0,female,2013,NA,no,colon adenocarcinoma,r0,0,black or african american,not hispanic or latino
tcga-ay-a8yk,tcga.ay.a8yk,44,0,NA,573,colon,stage iva,t3,n2a,m1,male,2013,NA,no,colon adenocarcinoma,r0,6,black or african american,not hispanic or latino
tcga-az-4308,tcga.az.4308,47,0,NA,3324,colon,stage iiib,t3,n1,m0,female,2006,NA,no,colon adenocarcinoma,r0,3,white,not hispanic or latino
tcga-az-4315,tcga.az.4315,61,0,NA,1776,colon,stage iia,t3,n0,m0,male,2006,NA,no,colon adenocarcinoma,r0,NA,white,not hispanic or latino
tcga-az-4323,tcga.az.4323,37,1,43,NA,colon,stage iv,t4,n2,m1,male,2002,NA,no,colon adenocarcinoma,NA,5,white,not hispanic or latino
tcga-az-4614,tcga.az.4614,71,1,172,NA,colon,stage iva,t4a,n1,m1,female,2008,NA,no,colon adenocarcinoma,r0,2,white,not hispanic or latino
tcga-az-4615,tcga.az.4615,84,0,NA,1002,colon,stage iiib,t3,n1,m0,male,2009,NA,no,colon adenocarcinoma,rx,1,white,not hispanic or latino
tcga-az-4616,tcga.az.4616,82,1,156,NA,colon,stage iv,t3,n2,m1,female,2009,NA,no,colon adenocarcinoma,NA,13,white,not hispanic or latino
tcga-az-4682,tcga.az.4682,61,1,680,NA,colon,stage iva,t3,n0,m1,male,2006,NA,no,colon adenocarcinoma,r0,0,white,not hispanic or latino
tcga-az-4684,tcga.az.4684,49,0,NA,1977,colon,stage iva,t3,n2,m1,male,2006,NA,no,colon adenocarcinoma,NA,10,white,not hispanic or latino
tcga-az-5403,tcga.az.5403,43,1,1910,NA,colon,stage ii,t3,n0,mx,male,2000,NA,no,colon adenocarcinoma,NA,0,white,not hispanic or latino
tcga-az-5407,tcga.az.5407,51,0,NA,2683,colon,stage i,t1,n0,m0,female,2007,NA,no,colon adenocarcinoma,NA,0,white,not hispanic or latino
tcga-az-6598,tcga.az.6598,77,1,1503,NA,colon,stage ii,t3,n0,mx,female,2000,NA,no,colon adenocarcinoma,NA,0,white,not hispanic or latino
tcga-az-6599,tcga.az.6599,72,1,206,NA,colon,stage i,t2,n0,mx,male,2001,NA,no,colon adenocarcinoma,NA,0,white,not hispanic or latino
tcga-az-6600,tcga.az.6600,64,1,368,NA,colon,stage iv,t4,n1,m1,male,2001,NA,no,colon adenocarcinoma,NA,1,black or african american,not hispanic or latino
tcga-az-6603,tcga.az.6603,77,1,899,NA,colon,NA,t2,n1,mx,female,2002,NA,no,colon adenocarcinoma,NA,0,white,not hispanic or latino
tcga-az-6605,tcga.az.6605,77,1,159,NA,colon,stage iiib,t4,n1,m0,male,2008,NA,no,colon adenocarcinoma,NA,1,white,not hispanic or latino
tcga-az-6606,tcga.az.6606,81,1,357,NA,colon,stage iv,t4,n2,m1,male,2009,NA,no,colon adenocarcinoma,NA,10,white,not hispanic or latino
tcga-az-6607,tcga.az.6607,69,1,97,NA,colon,stage iv,t4,n2,m1,male,2009,NA,no,colon adenocarcinoma,NA,5,white,not hispanic or latino
tcga-ca-5254,tcga.ca.5254,42,0,NA,386,colon,stage iia,t3,n0,m0,female,2010,NA,no,colon adenocarcinoma,rx,NA,asian,not hispanic or latino
tcga-ca-5255,tcga.ca.5255,45,0,NA,376,colon,stage iia,t3,n0,m0,male,2010,NA,yes,colon adenocarcinoma,rx,NA,asian,not hispanic or latino
tcga-ca-5256,tcga.ca.5256,54,0,NA,379,colon,stage iia,t3,n0,m0,female,2010,NA,no,colon adenocarcinoma,r0,NA,asian,NA
tcga-ca-5796,tcga.ca.5796,52,0,NA,377,colon,stage iia,t3,n0,m0,female,2010,NA,no,colon mucinous adenocarcinoma,r0,NA,asian,not hispanic or latino
tcga-ca-5797,tcga.ca.5797,56,0,NA,383,colon,stage iia,t3,n0,m0,male,2010,NA,no,colon adenocarcinoma,r0,NA,asian,not hispanic or latino
tcga-ca-6715,tcga.ca.6715,63,0,NA,383,colon,stage iiib,t3,n1,m0,male,2010,NA,no,colon adenocarcinoma,rx,1,asian,not hispanic or latino
tcga-ca-6716,tcga.ca.6716,65,0,NA,371,colon,stage iia,t3,n0,m0,male,2010,NA,no,colon adenocarcinoma,rx,NA,asian,not hispanic or latino
tcga-ca-6717,tcga.ca.6717,57,0,NA,388,colon,stage iia,t3,n0,m0,male,2010,NA,no,colon mucinous adenocarcinoma,rx,NA,asian,not hispanic or latino
tcga-ca-6718,tcga.ca.6718,46,1,306,NA,colon,stage iia,t3,n0,m0,male,2010,NA,no,colon adenocarcinoma,rx,NA,asian,not hispanic or latino
tcga-ca-6719,tcga.ca.6719,77,0,NA,435,colon,stage iia,t3,n0,m0,male,2011,NA,no,colon adenocarcinoma,rx,NA,asian,not hispanic or latino
tcga-ck-4947,tcga.ck.4947,46,0,NA,534,colon,stage iiib,t4,n1,m0,female,2003,NA,no,colon adenocarcinoma,rx,3,white,not hispanic or latino
tcga-ck-4948,tcga.ck.4948,45,0,NA,4502,colon,stage iii,t3,n1,m0,female,2002,NA,no,colon adenocarcinoma,r0,3,white,not hispanic or latino
tcga-ck-4950,tcga.ck.4950,68,0,NA,2599,colon,stage iiib,t3,n1,m0,female,2008,NA,no,colon mucinous adenocarcinoma,r1,1,black or african american,not hispanic or latino
tcga-ck-4951,tcga.ck.4951,79,1,2134,NA,colon,stage iia,t3,n0,m0,female,2007,NA,no,colon mucinous adenocarcinoma,r1,0,white,not hispanic or latino
tcga-ck-4952,tcga.ck.4952,48,0,NA,475,colon,stage iiic,t4,n2,m0,female,2007,NA,NA,colon mucinous adenocarcinoma,rx,5,white,not hispanic or latino
tcga-ck-5913,tcga.ck.5913,58,0,NA,1561,colon,stage iia,t3,n0,mx,female,2008,NA,no,colon adenocarcinoma,rx,NA,white,not hispanic or latino
tcga-ck-5914,tcga.ck.5914,81,0,NA,669,colon,stage iiib,t3,n1,mx,male,2008,NA,NA,colon adenocarcinoma,rx,NA,white,not hispanic or latino
tcga-ck-5915,tcga.ck.5915,63,0,NA,0,colon,stage i,t2,n0,mx,male,2007,NA,NA,colon adenocarcinoma,rx,NA,white,not hispanic or latino
tcga-ck-5916,tcga.ck.5916,71,1,643,NA,colon,stage i,t1,n0,m0,female,2003,NA,no,colon adenocarcinoma,rx,NA,white,not hispanic or latino
tcga-ck-6746,tcga.ck.6746,84,0,NA,-2,colon,stage iib,t4b,n0,mx,female,2009,NA,NA,colon adenocarcinoma,rx,NA,white,not hispanic or latino
tcga-ck-6747,tcga.ck.6747,87,0,NA,2523,colon,stage iia,t3,n0,mx,female,2008,NA,no,colon adenocarcinoma,rx,NA,white,not hispanic or latino
tcga-ck-6748,tcga.ck.6748,45,0,NA,61,colon,stage iv,t3,n1,m1,female,2008,NA,no,colon mucinous adenocarcinoma,rx,NA,white,not hispanic or latino
tcga-ck-6751,tcga.ck.6751,88,0,NA,3780,colon,stage i,t2,n0,mx,female,2002,NA,no,colon mucinous adenocarcinoma,rx,NA,white,not hispanic or latino
tcga-cm-4743,tcga.cm.4743,69,0,NA,701,colon,stage iia,t3,n0,m0,male,2010,NA,no,colon adenocarcinoma,r0,0,white,not hispanic or latino
tcga-cm-4744,tcga.cm.4744,69,0,NA,609,colon,stage i,t2,n0,m0,male,2010,NA,no,colon adenocarcinoma,r0,0,white,not hispanic or latino
tcga-cm-4746,tcga.cm.4746,61,0,NA,1126,colon,stage i,t2,n0,m0,male,2009,NA,no,colon adenocarcinoma,r0,0,black or african american,not hispanic or latino
tcga-cm-4747,tcga.cm.4747,47,0,NA,761,colon,stage iva,t4a,n1b,m1a,male,2010,NA,no,colon adenocarcinoma,r0,2,white,not hispanic or latino
tcga-cm-4748,tcga.cm.4748,53,0,NA,792,colon,stage iiib,t4a,n1a,m0,male,2010,NA,no,colon mucinous adenocarcinoma,r0,1,white,not hispanic or latino
tcga-cm-4750,tcga.cm.4750,34,0,NA,244,colon,stage iiia,t1,n1b,m0,female,2010,NA,no,colon adenocarcinoma,r0,2,white,not hispanic or latino
tcga-cm-4751,tcga.cm.4751,62,0,NA,822,colon,stage iiib,t3,n1b,m0,male,2009,NA,no,colon adenocarcinoma,r0,3,white,not hispanic or latino
tcga-cm-4752,tcga.cm.4752,58,0,NA,396,colon,stage iia,t3,n0,m0,male,2010,NA,no,colon adenocarcinoma,r0,0,black or african american,not hispanic or latino
tcga-cm-5341,tcga.cm.5341,82,0,NA,884,colon,stage iiia,t2,n1a,m0,female,2010,NA,no,colon adenocarcinoma,r0,1,white,not hispanic or latino
tcga-cm-5344,tcga.cm.5344,39,0,NA,670,colon,stage iiib,t3,n1b,m0,female,2010,NA,no,colon adenocarcinoma,r0,3,white,hispanic or latino
tcga-cm-5348,tcga.cm.5348,72,0,NA,699,colon,stage iiib,t3,n1a,m0,male,2010,NA,no,colon adenocarcinoma,r0,1,white,not hispanic or latino
tcga-cm-5349,tcga.cm.5349,68,0,NA,915,colon,stage iia,t3,n0,m0,female,2010,NA,no,colon adenocarcinoma,r0,0,white,not hispanic or latino
tcga-cm-5860,tcga.cm.5860,44,0,NA,974,colon,stage iia,t3,n0,m0,male,2010,NA,no,colon adenocarcinoma,r0,0,white,not hispanic or latino
tcga-cm-5861,tcga.cm.5861,63,0,NA,457,colon,stage iia,t3,n0,m0,female,2010,NA,no,colon adenocarcinoma,r0,0,white,not hispanic or latino
tcga-cm-5862,tcga.cm.5862,80,1,153,NA,colon,stage iva,t3,n1a,m1a,male,2010,NA,no,colon adenocarcinoma,r0,1,white,not hispanic or latino
tcga-cm-5863,tcga.cm.5863,60,0,NA,457,colon,stage iiib,t3,n1b,m0,female,2010,NA,no,colon mucinous adenocarcinoma,r0,3,white,not hispanic or latino
tcga-cm-5864,tcga.cm.5864,60,0,NA,457,colon,stage i,t2,n0,m0,male,2010,NA,no,colon adenocarcinoma,r0,0,white,not hispanic or latino
tcga-cm-5868,tcga.cm.5868,59,0,NA,518,colon,stage iva,t4a,n1a,m1a,female,2010,NA,no,colon adenocarcinoma,r0,1,white,not hispanic or latino
tcga-cm-6161,tcga.cm.6161,36,0,NA,457,colon,stage i,t2,n0,m0,female,2010,NA,no,colon adenocarcinoma,r0,0,white,not hispanic or latino
tcga-cm-6162,tcga.cm.6162,48,0,NA,365,colon,stage iiib,t3,n1a,m0,female,2010,NA,no,colon mucinous adenocarcinoma,r0,1,white,not hispanic or latino
tcga-cm-6163,tcga.cm.6163,74,0,NA,427,colon,stage i,t1,n0,m0,male,2010,NA,no,colon adenocarcinoma,r0,0,white,not hispanic or latino
tcga-cm-6164,tcga.cm.6164,46,0,NA,883,colon,stage iia,t3,n0,m0,female,2009,NA,no,colon adenocarcinoma,r0,0,white,not hispanic or latino
tcga-cm-6165,tcga.cm.6165,74,0,NA,488,colon,stage iia,t3,n0,m0,male,2010,NA,no,colon adenocarcinoma,r0,0,white,not hispanic or latino
tcga-cm-6166,tcga.cm.6166,48,0,NA,669,colon,stage i,t2,n0,m0,female,2010,NA,no,colon adenocarcinoma,r0,0,white,not hispanic or latino
tcga-cm-6167,tcga.cm.6167,57,0,NA,456,colon,stage iiic,t3,n2b,m0,female,2010,NA,no,colon adenocarcinoma,r0,11,black or african american,not hispanic or latino
tcga-cm-6168,tcga.cm.6168,84,0,NA,395,colon,stage iia,t3,n0,m0,female,2010,NA,no,colon adenocarcinoma,r0,0,black or african american,not hispanic or latino
tcga-cm-6169,tcga.cm.6169,67,0,NA,396,colon,stage iia,t3,n0,m0,male,2010,NA,no,colon adenocarcinoma,r0,0,black or african american,not hispanic or latino
tcga-cm-6170,tcga.cm.6170,73,0,NA,457,colon,stage i,t2,n0,m0,female,2010,NA,no,colon adenocarcinoma,r0,0,white,not hispanic or latino
tcga-cm-6171,tcga.cm.6171,77,0,NA,427,colon,stage i,t2,n0,m0,female,2010,NA,no,colon adenocarcinoma,r0,0,white,not hispanic or latino
tcga-cm-6172,tcga.cm.6172,70,0,NA,335,colon,stage iiib,t3,n1a,m0,female,2010,NA,no,colon adenocarcinoma,r0,1,white,not hispanic or latino
tcga-cm-6674,tcga.cm.6674,39,0,NA,394,colon,stage iia,t3,n0,m0,male,2011,NA,no,colon adenocarcinoma,r0,0,white,not hispanic or latino
tcga-cm-6675,tcga.cm.6675,35,0,NA,397,colon,stage ivb,t3,n2b,m1b,male,2011,NA,no,colon adenocarcinoma,r0,12,black or african american,not hispanic or latino
tcga-cm-6676,tcga.cm.6676,82,0,NA,337,colon,stage i,t2,n0,m0,male,2011,NA,no,colon adenocarcinoma,r0,0,white,not hispanic or latino
tcga-cm-6677,tcga.cm.6677,75,0,NA,337,colon,stage iia,t3,n0,m0,female,2011,NA,no,colon adenocarcinoma,r0,0,white,not hispanic or latino
tcga-cm-6678,tcga.cm.6678,63,0,NA,335,colon,stage iva,t4a,n1c,m1a,female,2011,NA,no,colon adenocarcinoma,r0,0,white,not hispanic or latino
tcga-cm-6679,tcga.cm.6679,58,0,NA,306,colon,stage iia,t3,n0,m0,male,2011,NA,no,colon adenocarcinoma,r0,0,white,not hispanic or latino
tcga-cm-6680,tcga.cm.6680,78,0,NA,366,colon,stage iiib,t3,n2a,m0,female,2011,NA,no,colon adenocarcinoma,r0,4,white,not hispanic or latino
tcga-d5-5537,tcga.d5.5537,83,1,1381,NA,colon,stage iia,t3,n2,mx,male,2010,NA,no,colon adenocarcinoma,rx,7,white,not hispanic or latino
tcga-d5-5538,tcga.d5.5538,60,1,1661,NA,colon,stage iiib,t3,n1b,m0,female,2010,NA,no,colon adenocarcinoma,r0,3,white,not hispanic or latino
tcga-d5-5539,tcga.d5.5539,60,0,NA,596,colon,stage iiia,t3,n1,m0,male,2010,NA,no,colon mucinous adenocarcinoma,r0,1,white,not hispanic or latino
tcga-d5-5540,tcga.d5.5540,73,0,NA,1706,colon,stage iia,t3,n0,m0,male,2010,NA,no,colon adenocarcinoma,r0,0,white,not hispanic or latino
tcga-d5-5541,tcga.d5.5541,63,0,NA,1701,colon,stage iiib,t3,n1a,m0,male,2010,NA,no,colon adenocarcinoma,r0,1,white,not hispanic or latino
tcga-d5-6529,tcga.d5.6529,69,0,NA,614,colon,stage iia,t3,n0,m0,male,2010,NA,no,colon adenocarcinoma,r0,0,white,not hispanic or latino
tcga-d5-6530,tcga.d5.6530,53,0,NA,621,colon,stage i,t2,n0,m0,male,2010,NA,no,colon adenocarcinoma,r0,0,white,not hispanic or latino
tcga-d5-6531,tcga.d5.6531,75,0,NA,540,colon,stage iia,t3,n0,m0,male,2010,NA,no,colon adenocarcinoma,r0,0,white,not hispanic or latino
tcga-d5-6532,tcga.d5.6532,61,0,NA,555,colon,stage iia,t3,n0,m0,male,2010,NA,no,colon adenocarcinoma,r0,0,white,not hispanic or latino
tcga-d5-6533,tcga.d5.6533,68,0,NA,775,colon,NA,t4b,n0,m0,female,2010,NA,no,colon adenocarcinoma,r0,0,white,not hispanic or latino
tcga-d5-6534,tcga.d5.6534,62,0,NA,1316,colon,stage iia,t3,n0,m0,female,2010,NA,no,colon mucinous adenocarcinoma,r0,0,white,not hispanic or latino
tcga-d5-6535,tcga.d5.6535,80,0,NA,460,colon,stage iiib,t3,n1,mx,female,2010,NA,no,colon adenocarcinoma,rx,1,white,not hispanic or latino
tcga-d5-6536,tcga.d5.6536,73,0,NA,543,colon,stage iia,t3,n0,m0,male,2010,NA,no,colon adenocarcinoma,r0,0,white,not hispanic or latino
tcga-d5-6537,tcga.d5.6537,64,1,146,NA,colon,stage iiib,t3,n1a,mx,male,2010,NA,no,colon adenocarcinoma,r0,1,white,not hispanic or latino
tcga-d5-6538,tcga.d5.6538,79,0,NA,521,colon,stage iiib,t3,n2,m0,female,2010,NA,no,colon adenocarcinoma,r0,10,white,not hispanic or latino
tcga-d5-6539,tcga.d5.6539,45,0,NA,380,colon,NA,t3,n0,m0,female,2010,NA,no,colon adenocarcinoma,r0,0,white,not hispanic or latino
tcga-d5-6540,tcga.d5.6540,66,0,NA,491,colon,stage i,t2,n0,m0,male,2010,NA,no,colon mucinous adenocarcinoma,r0,0,white,not hispanic or latino
tcga-d5-6541,tcga.d5.6541,49,0,NA,474,colon,stage iia,t3,n0,m0,male,2010,NA,no,colon adenocarcinoma,r0,0,white,not hispanic or latino
tcga-d5-6898,tcga.d5.6898,51,0,NA,229,colon,stage i,t2,n0,m0,female,2011,NA,no,colon adenocarcinoma,r0,0,white,not hispanic or latino
tcga-d5-6920,tcga.d5.6920,77,0,NA,377,colon,stage iia,t3,n0,m0,female,2011,NA,no,colon adenocarcinoma,r0,0,white,not hispanic or latino
tcga-d5-6922,tcga.d5.6922,76,0,NA,308,colon,stage iiia,t3,n1,m0,male,2011,NA,no,colon adenocarcinoma,r0,1,white,not hispanic or latino
tcga-d5-6923,tcga.d5.6923,57,0,NA,378,colon,stage i,t2,n0,m0,male,2011,NA,no,colon adenocarcinoma,r0,0,white,not hispanic or latino
tcga-d5-6924,tcga.d5.6924,68,0,NA,435,colon,stage iia,t3,n0,m0,male,2011,NA,no,colon adenocarcinoma,r0,0,white,not hispanic or latino
tcga-d5-6926,tcga.d5.6926,65,0,NA,275,colon,stage iiib,t4a,n1,m0,male,2011,NA,yes,colon adenocarcinoma,r0,3,white,not hispanic or latino
tcga-d5-6927,tcga.d5.6927,34,0,NA,287,colon,stage iia,t3,n0,m0,male,2011,NA,no,colon adenocarcinoma,r0,0,white,not hispanic or latino
tcga-d5-6928,tcga.d5.6928,80,0,NA,354,colon,stage iia,t3,n0,m0,male,2011,NA,no,colon mucinous adenocarcinoma,r0,0,white,not hispanic or latino
tcga-d5-6929,tcga.d5.6929,49,0,NA,408,colon,stage iv,t3,n1,m1,female,2011,NA,no,colon adenocarcinoma,r0,1,white,not hispanic or latino
tcga-d5-6930,tcga.d5.6930,67,0,NA,406,colon,stage iia,t3,n0,m0,male,2011,NA,no,colon mucinous adenocarcinoma,r0,0,white,not hispanic or latino
tcga-d5-6931,tcga.d5.6931,77,0,NA,365,colon,stage iiic,t4b,n2,m0,male,2011,NA,no,colon adenocarcinoma,r0,4,white,not hispanic or latino
tcga-d5-6932,tcga.d5.6932,69,0,NA,346,colon,stage iia,t3,n0,m0,male,2011,NA,no,colon adenocarcinoma,r0,0,white,not hispanic or latino
tcga-d5-7000,tcga.d5.7000,79,0,NA,312,colon,stage i,t2,n0,m0,female,2011,NA,no,colon mucinous adenocarcinoma,r0,0,white,not hispanic or latino
tcga-dm-a0x9,tcga.dm.a0x9,71,0,NA,3641,colon,stage iia,t3,n0,m0,female,2001,NA,NA,colon adenocarcinoma,NA,0,white,not hispanic or latino
tcga-dm-a0xd,tcga.dm.a0xd,65,1,743,NA,colon,stage iia,t3,n0,m0,male,2000,NA,NA,colon adenocarcinoma,NA,0,white,not hispanic or latino
tcga-dm-a0xf,tcga.dm.a0xf,68,1,1162,NA,colon,stage iiic,t3,n2,m0,female,1999,NA,NA,NA,NA,4,white,not hispanic or latino
tcga-dm-a1d0,tcga.dm.a1d0,79,0,NA,3974,colon,stage iia,t3,n0,m0,female,2001,3625,NA,colon adenocarcinoma,NA,2,white,not hispanic or latino
tcga-dm-a1d4,tcga.dm.a1d4,80,1,2821,NA,colon,stage iia,t3,n0,m0,male,1999,2821,NA,colon adenocarcinoma,NA,0,white,not hispanic or latino
tcga-dm-a1d6,tcga.dm.a1d6,88,1,1518,NA,colon,stage iia,t3,n0,m0,male,2000,1518,NA,colon mucinous adenocarcinoma,NA,0,white,not hispanic or latino
tcga-dm-a1d7,tcga.dm.a1d7,82,1,405,NA,colon,stage iia,t3,n0,m0,male,2000,0,NA,NA,NA,0,white,not hispanic or latino
tcga-dm-a1d8,tcga.dm.a1d8,50,1,383,NA,colon,NA,t3,n1,NA,female,2000,383,NA,colon adenocarcinoma,NA,1,white,not hispanic or latino
tcga-dm-a1d9,tcga.dm.a1d9,67,0,NA,4270,colon,stage iia,t3,n0,m0,female,2000,3920,NA,colon adenocarcinoma,NA,0,white,not hispanic or latino
tcga-dm-a1da,tcga.dm.a1da,71,1,228,NA,colon,stage iiic,t3,n2,m0,female,1999,228,NA,colon adenocarcinoma,NA,5,white,not hispanic or latino
tcga-dm-a1db,tcga.dm.a1db,68,1,1348,NA,colon,stage iia,t3,n0,m0,male,2000,1348,NA,colon adenocarcinoma,NA,0,white,not hispanic or latino
tcga-dm-a1ha,tcga.dm.a1ha,82,0,NA,4000,colon,stage iiic,t3,n2,m0,male,2000,3924,NA,colon adenocarcinoma,NA,4,white,not hispanic or latino
tcga-dm-a1hb,tcga.dm.a1hb,75,0,NA,4126,colon,stage iiib,t3,n1,m0,male,2000,3786,NA,NA,NA,1,white,not hispanic or latino
tcga-dm-a280,tcga.dm.a280,70,1,236,NA,colon,stage iia,t3,n0,m0,female,1998,NA,NA,colon mucinous adenocarcinoma,NA,0,white,not hispanic or latino
tcga-dm-a282,tcga.dm.a282,60,0,NA,4233,colon,stage iia,t3,n0,m0,female,2000,NA,NA,colon adenocarcinoma,NA,0,white,not hispanic or latino
tcga-dm-a288,tcga.dm.a288,68,1,427,NA,colon,stage iiic,t3,n2,m0,male,2001,NA,NA,colon mucinous adenocarcinoma,NA,4,white,not hispanic or latino
tcga-dm-a28a,tcga.dm.a28a,78,1,805,NA,colon,stage iiic,t3,n2,m0,male,2001,NA,NA,colon adenocarcinoma,NA,6,white,not hispanic or latino
tcga-dm-a28c,tcga.dm.a28c,74,1,2475,NA,colon,stage iia,t3,n0,m0,male,2001,NA,NA,colon adenocarcinoma,NA,0,white,not hispanic or latino
tcga-dm-a28e,tcga.dm.a28e,72,0,NA,3648,colon,stage iia,t3,n0,m0,female,2001,NA,NA,colon adenocarcinoma,NA,0,white,not hispanic or latino
tcga-dm-a28f,tcga.dm.a28f,73,1,1094,NA,colon,stage iiib,t3,n1,m0,male,2002,NA,NA,colon adenocarcinoma,NA,1,white,not hispanic or latino
tcga-dm-a28g,tcga.dm.a28g,75,1,1849,NA,colon,stage iia,t3,n0,m0,male,2001,NA,NA,colon adenocarcinoma,NA,0,white,not hispanic or latino
tcga-dm-a28h,tcga.dm.a28h,50,0,NA,3561,colon,stage iiic,t3,n2,m0,male,2002,NA,NA,colon adenocarcinoma,NA,8,white,not hispanic or latino
tcga-dm-a28k,tcga.dm.a28k,75,0,NA,2988,colon,stage iia,t3,n0,m0,male,2003,NA,NA,colon mucinous adenocarcinoma,NA,0,white,not hispanic or latino
tcga-dm-a28m,tcga.dm.a28m,63,0,NA,2895,colon,stage iia,t3,n0,m0,male,2003,NA,NA,colon adenocarcinoma,NA,0,white,not hispanic or latino
tcga-f4-6459,tcga.f4.6459,61,1,262,NA,colon,stage iiib,t3,n2a,m0,female,2011,NA,no,colon adenocarcinoma,r0,6,white,not hispanic or latino
tcga-f4-6460,tcga.f4.6460,51,1,972,NA,colon,stage iiib,t3,n1,m0,female,2011,NA,no,colon adenocarcinoma,r0,1,white,not hispanic or latino
tcga-f4-6461,tcga.f4.6461,41,1,338,NA,colon,stage iiic,t4b,n2,m0,female,2011,NA,no,colon adenocarcinoma,r0,5,white,not hispanic or latino
tcga-f4-6463,tcga.f4.6463,51,0,NA,1087,colon,stage iia,t3,n0,m0,male,2011,NA,no,colon mucinous adenocarcinoma,r0,0,white,not hispanic or latino
tcga-f4-6569,tcga.f4.6569,60,0,NA,1087,colon,stage i,t2,n0,m0,male,2011,NA,no,colon adenocarcinoma,r0,0,white,not hispanic or latino
tcga-f4-6570,tcga.f4.6570,78,1,188,NA,colon,stage iia,t3,n0,m0,female,2011,NA,no,colon adenocarcinoma,r0,0,white,not hispanic or latino
tcga-f4-6703,tcga.f4.6703,64,0,NA,1456,colon,stage iia,t3,n0,m0,male,2011,NA,no,colon adenocarcinoma,r0,0,white,not hispanic or latino
tcga-f4-6704,tcga.f4.6704,60,0,NA,47,colon,stage iiic,t3,n2b,mx,male,2011,NA,NA,colon mucinous adenocarcinoma,r0,13,american indian or alaska native,not hispanic or latino
tcga-f4-6805,tcga.f4.6805,58,0,NA,1047,colon,stage iia,t3,n0,m0,female,2011,NA,no,colon adenocarcinoma,r0,NA,white,not hispanic or latino
tcga-f4-6806,tcga.f4.6806,59,0,NA,1260,colon,stage i,t2,n0,m0,female,2011,NA,no,colon adenocarcinoma,r0,0,white,not hispanic or latino
tcga-f4-6807,tcga.f4.6807,51,0,NA,1309,colon,stage iiic,t3,n2b,m0,female,2011,NA,no,colon adenocarcinoma,r0,12,white,not hispanic or latino
tcga-f4-6808,tcga.f4.6808,54,0,NA,1024,colon,stage i,t1,n0,m0,female,2011,NA,no,colon adenocarcinoma,r0,0,white,not hispanic or latino
tcga-f4-6809,tcga.f4.6809,52,1,403,NA,colon,stage iva,t3,n1,m1,female,2011,NA,no,colon adenocarcinoma,r0,3,white,not hispanic or latino
tcga-f4-6854,tcga.f4.6854,77,0,NA,16,colon,stage iia,t3,n0,m0,female,2011,NA,no,colon adenocarcinoma,r0,0,white,not hispanic or latino
tcga-f4-6855,tcga.f4.6855,70,0,NA,1442,colon,stage iia,t3,n0,m0,female,2011,NA,no,colon adenocarcinoma,r0,0,white,not hispanic or latino
tcga-f4-6856,tcga.f4.6856,45,0,NA,1074,colon,stage i,t2,n0,m0,male,2011,NA,no,colon mucinous adenocarcinoma,r0,0,white,not hispanic or latino
tcga-g4-6293,tcga.g4.6293,49,0,NA,4051,colon,stage iii,t3,n1,m0,female,2002,NA,no,colon adenocarcinoma,r0,1,white,not hispanic or latino
tcga-g4-6295,tcga.g4.6295,70,0,NA,254,colon,stage ii,t3,n0,m0,female,2004,NA,no,colon adenocarcinoma,NA,0,white,not hispanic or latino
tcga-g4-6297,tcga.g4.6297,55,0,NA,2506,colon,stage iv,t3,n2,m1,female,2005,NA,no,colon adenocarcinoma,r0,6,white,not hispanic or latino
tcga-g4-6299,tcga.g4.6299,69,0,NA,2268,colon,stage iiic,t3,n2,m0,male,2005,NA,no,colon adenocarcinoma,r0,8,white,not hispanic or latino
tcga-g4-6302,tcga.g4.6302,90,1,2047,NA,colon,stage iia,t3,n0,m0,female,2006,NA,no,colon mucinous adenocarcinoma,r0,0,white,not hispanic or latino
tcga-g4-6303,tcga.g4.6303,54,1,2003,NA,colon,stage iv,t3,n1,m1,female,2006,NA,no,colon adenocarcinoma,r0,1,white,not hispanic or latino
tcga-g4-6304,tcga.g4.6304,66,0,NA,1631,colon,stage iib,t4,n0,m0,female,2006,NA,no,colon adenocarcinoma,r0,0,white,not hispanic or latino
tcga-g4-6306,tcga.g4.6306,71,0,NA,1359,colon,NA,t2,n0,m0,male,2007,NA,no,colon adenocarcinoma,r0,0,white,not hispanic or latino
tcga-g4-6307,tcga.g4.6307,37,0,NA,1674,colon,stage iiib,t3,n1,m0,female,2007,NA,no,colon adenocarcinoma,r0,2,white,not hispanic or latino
tcga-g4-6309,tcga.g4.6309,40,0,NA,2600,colon,stage iiib,t3,n1,m0,female,2007,NA,no,colon adenocarcinoma,r0,2,black or african american,not hispanic or latino
tcga-g4-6311,tcga.g4.6311,80,0,NA,1199,colon,stage iii,t3,n1,mx,male,2008,NA,no,colon adenocarcinoma,r0,1,white,not hispanic or latino
tcga-g4-6315,tcga.g4.6315,66,0,NA,1883,colon,stage iv,t3,n1,m1,male,2008,NA,no,colon adenocarcinoma,r0,1,white,not hispanic or latino
tcga-g4-6317,tcga.g4.6317,51,0,NA,1095,colon,stage iiic,t3,n2,mx,female,2008,NA,no,colon adenocarcinoma,r0,6,white,not hispanic or latino
tcga-g4-6320,tcga.g4.6320,73,0,NA,804,colon,stage iii,t3,n1,mx,male,2009,NA,no,colon adenocarcinoma,r0,2,white,not hispanic or latino
tcga-g4-6322,tcga.g4.6322,65,0,NA,792,colon,stage iiib,t3,n1,mx,male,2009,NA,no,colon mucinous adenocarcinoma,r0,2,white,not hispanic or latino
tcga-g4-6323,tcga.g4.6323,50,0,NA,419,colon,stage ia,tis,n0,mx,male,2010,NA,no,colon adenocarcinoma,r0,0,black or african american,not hispanic or latino
tcga-g4-6626,tcga.g4.6626,89,1,1422,NA,colon,stage iia,t3,n0,m0,male,2006,NA,no,colon adenocarcinoma,r0,0,white,not hispanic or latino
tcga-g4-6627,tcga.g4.6627,84,0,NA,2275,colon,stage iia,t3,n0,m0,male,2007,NA,no,colon adenocarcinoma,r0,0,white,not hispanic or latino
tcga-nh-a50t,tcga.nh.a50t,68,0,NA,553,colon,stage iia,t3,n0,mx,female,2012,NA,no,colon adenocarcinoma,r0,0,black or african american,not hispanic or latino
tcga-nh-a50u,tcga.nh.a50u,42,1,334,NA,colon,stage iva,t4a,n0,m1a,male,2012,NA,no,colon mucinous adenocarcinoma,r0,0,black or african american,not hispanic or latino
tcga-nh-a50v,tcga.nh.a50v,69,0,NA,588,colon,stage iiib,t3,n2a,m0,male,2012,NA,no,colon adenocarcinoma,r0,4,black or african american,not hispanic or latino
tcga-nh-a5iv,tcga.nh.a5iv,90,0,NA,588,colon,stage iia,t3,n0,mx,female,2012,NA,no,colon adenocarcinoma,r0,0,black or african american,not hispanic or latino
tcga-nh-a6ga,tcga.nh.a6ga,58,1,302,NA,colon,stage iiic,t4a,n2a,mx,male,2013,NA,no,colon adenocarcinoma,r0,4,black or african american,not hispanic or latino
tcga-nh-a6gb,tcga.nh.a6gb,71,0,NA,476,colon,stage iiic,t3,n2b,mx,female,2013,NA,no,colon adenocarcinoma,r0,7,black or african american,not hispanic or latino
tcga-nh-a6gc,tcga.nh.a6gc,66,0,NA,389,colon,stage ivb,t4b,n1b,m1b,female,2013,NA,no,colon mucinous adenocarcinoma,r0,3,black or african american,not hispanic or latino
tcga-nh-a8f8,tcga.nh.a8f8,79,1,511,NA,colon,stage iv,t4a,n2b,m1,male,2013,NA,no,colon adenocarcinoma,r0,15,black or african american,not hispanic or latino
tcga-qg-a5yv,tcga.qg.a5yv,64,0,NA,1301,colon,stage iiic,t4b,n1a,mx,female,2011,NA,no,colon adenocarcinoma,r0,1,black or african american,not hispanic or latino
tcga-qg-a5yw,tcga.qg.a5yw,55,0,NA,896,colon,stage iiic,t3,n2b,mx,female,2011,NA,no,colon mucinous adenocarcinoma,r0,11,black or african american,not hispanic or latino
tcga-qg-a5yx,tcga.qg.a5yx,61,0,NA,1003,colon,stage iia,t3,n0,mx,female,2011,NA,no,colon adenocarcinoma,r0,0,black or african american,not hispanic or latino
tcga-qg-a5z1,tcga.qg.a5z1,71,1,256,NA,colon,stage iiib,t3,n1b,mx,male,2011,NA,no,colon adenocarcinoma,r0,3,black or african american,not hispanic or latino
tcga-qg-a5z2,tcga.qg.a5z2,61,0,NA,952,colon,stage i,t2,n0,m0,male,2012,NA,no,colon adenocarcinoma,r0,0,black or african american,not hispanic or latino
tcga-ql-a97d,tcga.ql.a97d,84,0,NA,666,colon,stage i,t2,n0,mx,female,2012,NA,no,colon adenocarcinoma,NA,0,black or african american,NA
tcga-ru-a8fl,tcga.ru.a8fl,51,0,NA,1177,colon,stage iiib,t3,n2a,mx,male,2011,NA,no,colon adenocarcinoma,r0,5,black or african american,not hispanic or latino
tcga-ss-a7ho,tcga.ss.a7ho,44,0,NA,1829,colon,stage iib,t4a,n0,m0,female,2010,NA,no,colon adenocarcinoma,r0,0,black or african american,not hispanic or latino
tcga-t9-a92h,tcga.t9.a92h,82,0,NA,362,colon,stage iia,t3,n0,m0,male,2013,NA,no,colon adenocarcinoma,r0,NA,black or african american,not hispanic or latino
tcga-ws-ab45,tcga.ws.ab45,NA,0,NA,2130,colon,stage iia,t3,n0,mx,female,2008,NA,no,colon mucinous adenocarcinoma,rx,0,black or african american,not hispanic or latino
